item,avaliadores,ciclo,habilidade,temas,dificuldade,natureza,formato,nivel_bloom,garantia,aprovada
Q001,2,1,EM13MAT302,funcao_afim,facil,aplicada,discursiva,aplicar,conferido,True
Q002,5,2,EM13MAT405,funcao_por_partes,facil,teorica,discursiva,entender,conferido_em_parte,True
Q003,1,3,EM13MAT302,funcao_afim,media,teorica,discursiva,aplicar,conferido,True
Q004,1,4,EM13MAT405,funcao_por_partes,media,aplicada,discursiva,entender,conferido_em_parte,True
Q005,2,5,EM13MAT302,funcao_afim,dificil,aplicada,discursiva,criar,conferido_em_parte,True
Q006,4,6,EM13MAT405,funcao_por_partes,dificil,teorica,discursiva,entender,conferido_em_parte,True
Q007,1 2 3 4 5,7,EM13MAT302,funcao_afim,facil,teorica,multipla_escolha,aplicar,conferido,True
Q008,2,8,EM13MAT405,funcao_por_partes,facil,aplicada,multipla_escolha,entender,conferido_em_parte,True
Q009,2,9,EM13MAT302,funcao_afim,media,aplicada,multipla_escolha,criar,conferido,True
Q010,3,10,EM13MAT405,funcao_por_partes,media,teorica,multipla_escolha,aplicar,conferido_em_parte,True
Q011,3,11,EM13MAT302,funcao_afim,dificil,teorica,multipla_escolha,aplicar,conferido,True
Q012,1,12,EM13MAT405,funcao_por_partes,dificil,aplicada,multipla_escolha,entender,sem_conferencia,True
Q013,2,13,EM13MAT403,funcao_exponencial+funcao_logaritmica,facil,teorica,discursiva,analisar,conferido_em_parte,True
Q014,5,14,EM13MAT501,funcao_afim,facil,aplicada,discursiva,criar,conferido,True
Q015,1 2 3 4 5,15,EM13MAT403,funcao_exponencial+funcao_logaritmica,media,aplicada,discursiva,analisar,conferido,True
Q016,2,16,EM13MAT501,funcao_afim,media,teorica,discursiva,analisar,conferido,True
Q017,5,17,EM13MAT403,funcao_exponencial+funcao_logaritmica,dificil,teorica,discursiva,analisar,conferido_em_parte,True
Q018,4,18,EM13MAT501,funcao_afim,dificil,aplicada,discursiva,analisar,conferido,True
Q019,4,19,EM13MAT403,funcao_exponencial+funcao_logaritmica,facil,aplicada,multipla_escolha,entender,conferido_em_parte,True
Q020,1,20,EM13MAT501,funcao_afim,facil,teorica,multipla_escolha,criar,conferido,True
Q021,2,21,EM13MAT403,funcao_exponencial+funcao_logaritmica,media,teorica,multipla_escolha,entender,conferido_em_parte,True
Q022,5,22,EM13MAT501,funcao_afim,media,aplicada,multipla_escolha,criar,conferido,True
Q023,4,23,EM13MAT403,funcao_exponencial+funcao_logaritmica,dificil,aplicada,multipla_escolha,analisar,conferido,True
Q024,1 2 3 4 5,24,EM13MAT501,funcao_afim,dificil,teorica,multipla_escolha,criar,conferido,True
Q025,1,25,EM13MAT401,funcao_afim,facil,teorica,discursiva,entender,conferido,True
Q026,5,26,EM13MAT404,funcao_trigonometrica,facil,aplicada,discursiva,entender,conferido,True
Q027,3,27,EM13MAT502,funcao_quadratica,facil,teorica,discursiva,analisar,conferido,True
Q028,3,28,EM13MAT401,funcao_afim,media,aplicada,discursiva,aplicar,conferido,True
Q029,3,29,EM13MAT404,funcao_trigonometrica,media,teorica,discursiva,entender,conferido,True
Q030,4,30,EM13MAT502,funcao_quadratica,media,aplicada,discursiva,analisar,conferido,True
Q031,3,31,EM13MAT401,funcao_afim,dificil,teorica,discursiva,aplicar,conferido,True
Q032,2,32,EM13MAT404,funcao_trigonometrica,dificil,aplicada,discursiva,entender,conferido,True
Q033,3,33,EM13MAT502,funcao_quadratica,dificil,teorica,discursiva,criar,conferido,True
Q034,1 2 3 4 5,34,EM13MAT401,funcao_afim,facil,aplicada,multipla_escolha,aplicar,conferido,True
Q035,2,35,EM13MAT404,funcao_trigonometrica,facil,teorica,multipla_escolha,entender,conferido,True
Q036,4,36,EM13MAT502,funcao_quadratica,facil,aplicada,multipla_escolha,analisar,conferido,True
Q037,1,37,EM13MAT401,funcao_afim,media,teorica,multipla_escolha,entender,conferido,True
Q038,3,38,EM13MAT404,funcao_trigonometrica,media,aplicada,multipla_escolha,analisar,conferido,True
Q039,1,39,EM13MAT502,funcao_quadratica,media,teorica,multipla_escolha,criar,conferido,True
Q040,5,40,EM13MAT401,funcao_afim,dificil,aplicada,multipla_escolha,entender,conferido,True
Q041,4,41,EM13MAT404,funcao_trigonometrica,dificil,teorica,multipla_escolha,entender,conferido,True
Q042,1,42,EM13MAT502,funcao_quadratica,dificil,aplicada,multipla_escolha,analisar,conferido,True
Q044,3,44,EM13MAT306,funcao_trigonometrica,facil,aplicada,discursiva,aplicar,conferido,True
Q045,1,45,EM13MAT507,progressao_aritmetica+funcao_afim,facil,teorica,discursiva,aplicar,conferido,True
Q046,3,46,EM13MAT304,funcao_exponencial,media,teorica,discursiva,criar,conferido,True
Q047,5,47,EM13MAT402,funcao_quadratica,media,teorica,discursiva,entender,conferido,True
Q048,2,48,EM13MAT508,progressao_geometrica+funcao_exponencial,media,teorica,discursiva,analisar,conferido,True
Q049,5,49,EM13MAT305,funcao_logaritmica,dificil,teorica,discursiva,analisar,conferido,True
Q050,4,50,EM13MAT503,funcao_quadratica,dificil,aplicada,discursiva,aplicar,conferido_em_parte,True
Q052,1,52,EM13MAT306,funcao_trigonometrica,facil,teorica,multipla_escolha,analisar,conferido,True
Q053,1,53,EM13MAT507,progressao_aritmetica+funcao_afim,facil,aplicada,multipla_escolha,analisar,conferido,True
Q054,5,54,EM13MAT304,funcao_exponencial,media,aplicada,multipla_escolha,aplicar,conferido,True
Q055,2,55,EM13MAT402,funcao_quadratica,media,aplicada,multipla_escolha,aplicar,conferido,True
Q056,5,56,EM13MAT508,progressao_geometrica+funcao_exponencial,media,aplicada,multipla_escolha,aplicar,conferido,True
Q057,2,57,EM13MAT305,funcao_logaritmica,dificil,aplicada,multipla_escolha,analisar,conferido,True
Q058,4,58,EM13MAT503,funcao_quadratica,dificil,teorica,multipla_escolha,aplicar,conferido_em_parte,True
Q061,1,61,EM13MAT508,progressao_geometrica+funcao_exponencial,facil,aplicada,discursiva,aplicar,conferido,True
Q062,3,62,EM13MAT305,funcao_logaritmica,media,aplicada,discursiva,analisar,conferido,True
Q063,3,63,EM13MAT503,funcao_quadratica,media,teorica,discursiva,aplicar,conferido,True
Q064,2,64,EM13MAT303,funcao_exponencial,dificil,teorica,discursiva,criar,conferido,True
Q065,1 2 3 4 5,65,EM13MAT306,funcao_trigonometrica,dificil,aplicada,discursiva,aplicar,conferido,True
Q066,4,66,EM13MAT507,progressao_aritmetica+funcao_afim,dificil,teorica,discursiva,analisar,conferido,True
Q067,3,67,EM13MAT304,funcao_exponencial,facil,teorica,multipla_escolha,analisar,conferido,True
Q068,4,68,EM13MAT402,funcao_quadratica,facil,teorica,multipla_escolha,aplicar,conferido,True
Q069,3,69,EM13MAT508,progressao_geometrica+funcao_exponencial,facil,teorica,multipla_escolha,analisar,conferido,True
Q070,4,70,EM13MAT305,funcao_logaritmica,media,teorica,multipla_escolha,criar,conferido,True
Q071,1,71,EM13MAT503,funcao_quadratica,media,aplicada,multipla_escolha,aplicar,conferido,True
Q072,2,72,EM13MAT303,funcao_exponencial,dificil,aplicada,multipla_escolha,aplicar,conferido,True
Q073,5,73,EM13MAT306,funcao_trigonometrica,dificil,teorica,multipla_escolha,aplicar,conferido,True
Q074,2,74,EM13MAT507,progressao_aritmetica+funcao_afim,dificil,aplicada,multipla_escolha,aplicar,conferido,True
Q075,5,75,EM13MAT305,funcao_logaritmica,facil,teorica,discursiva,criar,conferido,True
Q076,4,76,EM13MAT503,funcao_quadratica,facil,aplicada,discursiva,analisar,conferido,True
Q077,1,77,EM13MAT303,funcao_exponencial,media,aplicada,discursiva,criar,conferido,True
Q078,5,78,EM13MAT306,funcao_trigonometrica,media,teorica,discursiva,analisar,conferido,True
Q079,4,79,EM13MAT507,progressao_aritmetica+funcao_afim,media,aplicada,discursiva,analisar,conferido,True
Q080,4,80,EM13MAT304,funcao_exponencial,dificil,aplicada,discursiva,analisar,conferido,True
Q081,3,81,EM13MAT402,funcao_quadratica,dificil,aplicada,discursiva,aplicar,conferido,True
Q082,3,82,EM13MAT508,progressao_geometrica+funcao_exponencial,dificil,aplicada,discursiva,aplicar,conferido,True
Q084,5,84,EM13MAT503,funcao_quadratica,facil,teorica,multipla_escolha,analisar,conferido,True
Q085,1,85,EM13MAT303,funcao_exponencial,media,teorica,multipla_escolha,aplicar,conferido,True
Q086,1,86,EM13MAT306,funcao_trigonometrica,media,aplicada,multipla_escolha,aplicar,conferido,True
Q087,1 2 3 4 5,87,EM13MAT507,progressao_aritmetica+funcao_afim,media,teorica,multipla_escolha,aplicar,conferido,True
Q088,5,88,EM13MAT304,funcao_exponencial,dificil,teorica,multipla_escolha,aplicar,conferido,True
Q089,4,89,EM13MAT402,funcao_quadratica,dificil,teorica,multipla_escolha,entender,conferido,True
Q090,2,90,EM13MAT508,progressao_geometrica+funcao_exponencial,dificil,teorica,multipla_escolha,aplicar,conferido,True
